{
  "Total" : {
    "transaction" : "Total",
    "sampleCount" : 2394,
    "errorCount" : 0,
    "errorPct" : 0.0,
    "meanResTime" : 47.47159565580624,
    "medianResTime" : 40.0,
    "minResTime" : 26.0,
    "maxResTime" : 5421.0,
    "pct1ResTime" : 57.0,
    "pct2ResTime" : 69.25,
    "pct3ResTime" : 140.05000000000018,
    "throughput" : 40.002673528723726,
    "receivedKBytesPerSec" : 2034.9016251086123,
    "sentKBytesPerSec" : 14.883807240667714
  },
  "HTTP Request" : {
    "transaction" : "HTTP Request",
    "sampleCount" : 2394,
    "errorCount" : 0,
    "errorPct" : 0.0,
    "meanResTime" : 47.47159565580624,
    "medianResTime" : 40.0,
    "minResTime" : 26.0,
    "maxResTime" : 5421.0,
    "pct1ResTime" : 57.0,
    "pct2ResTime" : 69.25,
    "pct3ResTime" : 140.05000000000018,
    "throughput" : 40.002673528723726,
    "receivedKBytesPerSec" : 2034.9016251086123,
    "sentKBytesPerSec" : 14.883807240667714
  }
}